,HASH,CATEGORIA,NOME,TIPO,PRECO
0,185-1-0-0-1,proteina,(TOP) Whey Protein Concentrado (1KG) - Growth Supplements,Chocolate,99.0
1,185-2-0-0-1,proteina,(TOP) Whey Protein Concentrado (1KG) - Growth Supplements,Morango,99.0
2,185-3-0-0-1,proteina,(TOP) Whey Protein Concentrado (1KG) - Growth Supplements,Baunilha,99.0
3,185-4-0-0-1,proteina,(TOP) Whey Protein Concentrado (1KG) - Growth Supplements,Natural,99.0
4,185-20-0-0-1,proteina,(TOP) Whey Protein Concentrado (1KG) - Growth Supplements,Banana,99.0
5,185-21-0-0-1,proteina,(TOP) Whey Protein Concentrado (1KG) - Growth Supplements,Cappuccino,99.0
6,185-22-0-0-1,proteina,(TOP) Whey Protein Concentrado (1KG) - Growth Supplements,Doce de leite,99.0
7,185-25-0-0-1,proteina,(TOP) Whey Protein Concentrado (1KG) - Growth Supplements,Chocolate com amendoim,99.0
8,185-26-0-0-1,proteina,(TOP) Whey Protein Concentrado (1KG) - Growth Supplements,Cookies and Cream,99.0
9,185-27-0-0-1,proteina,(TOP) Whey Protein Concentrado (1KG) - Growth Supplements,Sorvete de Creme,99.0
10,185-65-0-0-1,proteina,(TOP) Whey Protein Concentrado (1KG) - Growth Supplements,Caramelo,99.0
11,185-72-0-0-1,proteina,(TOP) Whey Protein Concentrado (1KG) - Growth Supplements,Mousse de Maracujá,99.0
12,185-77-0-0-1,proteina,(TOP) Whey Protein Concentrado (1KG) - Growth Supplements,Torta de Limão,99.0
13,185-98-0-0-1,proteina,(TOP) Whey Protein Concentrado (1KG) - Growth Supplements,Chocolate Milk Shake,99.0
14,185-99-0-0-1,proteina,(TOP) Whey Protein Concentrado (1KG) - Growth Supplements,Chocolate Branco,99.0
15,185-101-0-0-1,proteina,(TOP) Whey Protein Concentrado (1KG) - Growth Supplements,Beijinho,99.0
16,185-102-0-0-1,proteina,(TOP) Whey Protein Concentrado (1KG) - Growth Supplements,Brigadeiro,99.0
17,185-113-0-0-1,proteina,(TOP) Whey Protein Concentrado (1KG) - Growth Supplements,Leite em Pó,99.0
18,185-114-0-0-1,proteina,(TOP) Whey Protein Concentrado (1KG) - Growth Supplements,Chocolate com Morango,99.0
19,1052-79-0-0-1,proteina,Barra de proteína (barrinha de proteína) - Growth Supplements,Churros [Cx 12un],28.08
20,1052-80-0-0-1,proteina,Barra de proteína (barrinha de proteína) - Growth Supplements,Morango com Chocolate [Cx 12un],28.08
21,1052-81-0-0-1,proteina,Barra de proteína (barrinha de proteína) - Growth Supplements,Chocolate [Cx 12un],28.08
22,1052-78-0-0-1,proteina,Barra de proteína (barrinha de proteína) - Growth Supplements,Cookies and Cream [Cx 12un] (Indisponível),28.08
23,196-1-0-0-1,proteina,(TOP) Whey Protein Isolado (1KG) - Growth Supplements,Chocolate,144.0
24,196-2-0-0-1,proteina,(TOP) Whey Protein Isolado (1KG) - Growth Supplements,Morango,144.0
25,196-4-0-0-1,proteina,(TOP) Whey Protein Isolado (1KG) - Growth Supplements,Natural,144.0
26,1120-86-0-0-1,proteina,Barra de proteína com recheio barrinha - Growth Supplements,Amendoim com Caramelo c/ recheio [Cx 12un],43.2
27,1120-87-0-0-1,proteina,Barra de proteína com recheio barrinha - Growth Supplements,Churros com doce de leite diet c/ recheio [Cx 12un],43.2
28,1120-88-0-0-1,proteina,Barra de proteína com recheio barrinha - Growth Supplements,Limão c/ recheio [Cx 12un],43.2
29,1120-89-0-0-1,proteina,Barra de proteína com recheio barrinha - Growth Supplements,Morango Silvestre c/ recheio [Cx 12un],43.2
30,1120-93-0-0-1,proteina,Barra de proteína com recheio barrinha - Growth Supplements,Avelã [Cx 12 un],43.2
31,1120-94-0-0-1,proteina,Barra de proteína com recheio barrinha - Growth Supplements,Maracujá [Cx 12 un],43.2
32,1120-95-0-0-1,proteina,Barra de proteína com recheio barrinha - Growth Supplements,Beijinho [Cx 12 un],43.2
33,1120-96-0-0-1,proteina,Barra de proteína com recheio barrinha - Growth Supplements,Cookies and Cream [Cx 12 un],43.2
34,1120-97-0-0-1,proteina,Barra de proteína com recheio barrinha - Growth Supplements,Banana [Cx 12 un],43.2
35,96-1-0-0-1,proteina,Medium Whey Protein (1kg) - Growth Supplements,Chocolate,61.11
36,96-4-0-0-1,proteina,Medium Whey Protein (1kg) - Growth Supplements,Natural,61.11
37,11-1-0-0-1,proteina,Basic Whey Protein (1kg) - Growth Supplements,Chocolate,41.4
38,11-4-0-0-1,proteina,Basic Whey Protein (1kg) - Growth Supplements,Natural,41.4
39,163-1-0-0-1,proteina,Soy Protein (Proteína isolada de soja) 1kg - Growth Supplements,Chocolate,67.5
40,163-2-0-0-1,proteina,Soy Protein (Proteína isolada de soja) 1kg - Growth Supplements,Morango,67.5
41,6-1-0-0-1,proteina,Albumina 1kg - Growth Supplements,Chocolate,85.5
42,6-2-0-0-1,proteina,Albumina 1kg - Growth Supplements,Morango,85.5
43,6-3-0-0-1,proteina,Albumina 1kg - Growth Supplements,Baunilha,85.5
44,6-4-0-0-1,proteina,Albumina 1kg - Growth Supplements,Natural,85.5
45,6-20-0-0-1,proteina,Albumina 1kg - Growth Supplements,Banana,85.5
46,1541-2-0-0-1,proteina,WAFER PROTEIN 100GR - GROWTH SUPPLEMENTS,Morango,10.8
47,1541-26-0-0-1,proteina,WAFER PROTEIN 100GR - GROWTH SUPPLEMENTS,Cookies and Cream (Indisponível),10.8
48,63-6-0-0-1,proteina,Colágeno Hidrolisado (150g) - Growth Supplements,Laranja,18.9
49,63-8-0-0-1,proteina,Colágeno Hidrolisado (150g) - Growth Supplements,Uva,18.9
50,29-1-0-0-1,proteina,Blend Vegan - Growth Supplements,Chocolate,75.6
51,29-4-0-0-1,proteina,Blend Vegan - Growth Supplements,Natural,75.6
52,1082-0-0-0-1,proteina,Colágeno Tipo 2 40mg - 60 cápsulas - Growth Supplements,-,60.3
53,1793-0-0-0-1,proteina,CHOCOLATE FIT GROWTH DISPLAY C/ 8UN,-,24.3
54,160-1-0-0-1,proteina,Rice Protein 1kg (COM SABOR) - Growth Supplements,Chocolate,75.6
55,160-2-0-0-1,proteina,Rice Protein 1kg (COM SABOR) - Growth Supplements,Morango,75.6
56,126-1-0-0-1,proteina,Proteína da ervilha 1kg (Com sabor) - Growth Supplements,Chocolate,75.6
57,126-2-0-0-1,proteina,Proteína da ervilha 1kg (Com sabor) - Growth Supplements,Morango,75.6
58,1674-123-0-0-1,proteina,BARRA WAFER PROTEIN - GROWTH SUPPLEMENTS,Cookies e Cream com cobertura de chocolate branco [Cx 6un],59.4
59,1674-124-0-0-1,proteina,BARRA WAFER PROTEIN - GROWTH SUPPLEMENTS,Morango com cobertura de chocolate [Cx 6un],59.4
60,1674-125-0-0-1,proteina,BARRA WAFER PROTEIN - GROWTH SUPPLEMENTS,Morango com cobertura de chocolate branco [Cx 6un],59.4
61,1674-122-0-0-1,proteina,BARRA WAFER PROTEIN - GROWTH SUPPLEMENTS,Cookies e Cream com cobertura de chocolate [Cx 6un] (Indisponível),59.4
62,1350-146-0-0-1,proteina,Barra Crisp com Whey Protein,Birthday Cake com Marshmallow [Cx 12un],59.4
63,1350-147-0-0-1,proteina,Barra Crisp com Whey Protein,Canela com Marshmallow [Cx 12un],59.4
64,1350-148-0-0-1,proteina,Barra Crisp com Whey Protein,Chocolate com Marshmallow [Cx 12un],59.4
65,1350-149-0-0-1,proteina,Barra Crisp com Whey Protein,Morango com Marshmallow [Cx 12un],59.4
66,1350-150-0-0-1,proteina,Barra Crisp com Whey Protein,Marshmallow [Cx 12un],59.4
67,1012-0-0-0-1,proteina,Colágeno Hidrolisado sabor natural (150g) - Growth Supplements,-,18.9
68,1458-0-0-0-1,proteina,COLÁGENO HIDROLISADO 120CAPS - GROWTH SUPPLEMENTS,-,21.6
69,1684-1-0-0-1,proteina,DOSE WHEY PROTEIN CONCENTRADO 30GR,Chocolate,5.0
70,1666-118-0-0-1,proteina,BARRA DE NUTS - GROWTH SUPPLEMENTS,Uva Passa [Cx 12un],43.2
71,1666-119-0-0-1,proteina,BARRA DE NUTS - GROWTH SUPPLEMENTS,Coco [Cx 12un],43.2
72,1666-120-0-0-1,proteina,BARRA DE NUTS - GROWTH SUPPLEMENTS,Nozes e Canela [Cx 12un],43.2
73,1666-121-0-0-1,proteina,BARRA DE NUTS - GROWTH SUPPLEMENTS,Sementes [Cx 12un],43.2
74,162-0-0-0-1,proteina,Soy Protein Proteína Isolada de Soja (Sabor Natural) 1kg -                            Growth Supplements,-,67.5
75,1797-143-0-0-1,proteina,ALFAJOR COM WHEY PROTEIN GROWTH DISPLAY C/ 6UN,Pasta de Amendoim com Chocolate Branco,63.0
76,1797-144-0-0-1,proteina,ALFAJOR COM WHEY PROTEIN GROWTH DISPLAY C/ 6UN,Creme de Avelã e Cacau com Chocolate ao Leite (Indisponível),63.0
77,125-0-0-0-1,proteina,Proteína da Ervilha - Pea Protein (1kg) - Growth Supplements,-,75.6
78,159-0-0-0-1,proteina,Rice Protein Natural (1kg) - Growth Supplements,-,75.6
79,184-0-0-0-1,proteina,(TOP) Whey e Egg (sabor natural) (1KG) - Growth Supplements,-,79.2
80,124-0-0-0-1,proteina,Proteína da carne (1kg) (sabor natural) - Growth Supplements,-,125.1
81,8-1-0-0-1,proteina,Albumina 500g - Growth Supplements,Chocolate,47.7
82,8-4-0-0-1,proteina,Albumina 500g - Growth Supplements,Natural,47.7
83,1017-1-0-0-1,proteina,Caseinato de Cálcio 1kg - Growth Supplements,Chocolate,178.0
84,1017-4-0-0-1,proteina,Caseinato de Cálcio 1kg - Growth Supplements,Natural,178.0
85,161-0-0-0-1,proteina,Six Protein (1kg) - GROWTH SUPPLEMENTS,-,180.0
86,70-0-0-0-1,aminoacidos,CREATINA (250g) Creapure® - GROWTH SUPPLEMENTS,-,103.5
87,71-0-0-0-1,aminoacidos,Creatina Monohidratada 100g - Growth Supplements,-,40.5
88,85-0-0-0-1,aminoacidos,L-Glutamina (250g) - Growth Supplements,-,48.6
89,121-0-0-0-1,aminoacidos,Power Arginine (120 Caps) - Growth Supplements,-,27.0
90,16-0-0-0-1,aminoacidos,BCAA 2:1:1 (120 CÁPS)          - GROWTH SUPPLEMENTS,-,22.5
91,13-4-0-0-1,aminoacidos,BCAA (10:1:1) (200g) (em pó) - Growth Supplements,Natural,50.4
92,13-5-0-0-1,aminoacidos,BCAA (10:1:1) (200g) (em pó) - Growth Supplements,Limão,50.4
93,13-6-0-0-1,aminoacidos,BCAA (10:1:1) (200g) (em pó) - Growth Supplements,Laranja,50.4
94,1124-5-0-0-1,aminoacidos,Arginina Powder 250g - Growth Supplements,Limão,54.9
95,1124-7-0-0-1,aminoacidos,Arginina Powder 250g - Growth Supplements,Melancia,54.9
96,1124-8-0-0-1,aminoacidos,Arginina Powder 250g - Growth Supplements,Uva,54.9
97,1124-29-0-0-1,aminoacidos,Arginina Powder 250g - Growth Supplements,Frutas Vermelhas,54.9
98,1124-90-0-0-1,aminoacidos,Arginina Powder 250g - Growth Supplements,Maçã verde,54.9
99,1256-0-0-0-1,aminoacidos,HMB 90 Caps - Growth Supplements,-,35.1
100,83-0-0-0-1,aminoacidos,L-Carnitina (200g) - Growth Supplements,-,79.2
101,1021-5-0-0-1,aminoacidos,Amino Powder 10 - 200g - Growth Supplements,Limão,67.5
102,1021-7-0-0-1,aminoacidos,Amino Powder 10 - 200g - Growth Supplements,Melancia,67.5
103,1021-8-0-0-1,aminoacidos,Amino Powder 10 - 200g - Growth Supplements,Uva,67.5
104,1021-29-0-0-1,aminoacidos,Amino Powder 10 - 200g - Growth Supplements,Frutas Vermelhas,67.5
105,22-4-0-0-1,aminoacidos,BCAA (5:1:1) (200g) (em pó) - Growth Supplements,Natural,45.9
106,22-5-0-0-1,aminoacidos,BCAA (5:1:1) (200g) (em pó) - Growth Supplements,Limão,45.9
107,22-6-0-0-1,aminoacidos,BCAA (5:1:1) (200g) (em pó) - Growth Supplements,Laranja,45.9
108,1206-0-0-0-1,aminoacidos,Beta-Alanina 120 Comprimidos - Growth Supplements,-,74.7
109,25-0-0-0-1,aminoacidos,BCAA 2:1:1 - 120 COMPRIMIDOS TAB - GROWTH SUPPLEMENTS,-,45.0
110,17-4-0-0-1,aminoacidos,BCAA (2:1:1) (200g) (em pó) - Growth Supplements,Natural,42.3
111,17-5-0-0-1,aminoacidos,BCAA (2:1:1) (200g) (em pó) - Growth Supplements,Limão,42.3
112,17-6-0-0-1,aminoacidos,BCAA (2:1:1) (200g) (em pó) - Growth Supplements,Laranja,42.3
113,17-8-0-0-1,aminoacidos,BCAA (2:1:1) (200g) (em pó) - Growth Supplements,Uva,42.3
114,17-7-0-0-1,aminoacidos,BCAA (2:1:1) (200g) (em pó) - Growth Supplements,Melancia (Indisponível),42.3
115,1080-0-0-0-1,aminoacidos,Taurina Powder 250g - Growth Supplements,-,40.5
116,86-4-0-0-1,aminoacidos,L-LEUCINE (200G) - GROWTH SUPPLEMENTS,Natural,39.6
117,86-6-0-0-1,aminoacidos,L-LEUCINE (200G) - GROWTH SUPPLEMENTS,Laranja,39.6
118,120-0-0-0-1,aminoacidos,Power Alanine (120 caps) - Growth Supplements,-,27.0
119,1125-0-0-0-1,aminoacidos,BCAA 10:1:1 - 120 COMPRIMIDOS  - Growth Supplements,-,63.0
120,1055-0-0-0-1,aminoacidos,Taurina 1000mg 120 comprimidos - Growth Supplements,-,54.0
121,1030-0-0-0-1,aminoacidos,Triptofano Ultra - 120 comp - Growth Supplements,-,99.0
122,81-0-0-0-1,carboidratos,Hiper Mass (1kg) Sabor Chocolate - Growth Supplements,-,36.0
123,82-0-0-0-1,carboidratos,(TOP) Hipercalórico (sabor chocolate) (1KG) - Growth Supplements,-,49.5
124,90-4-0-0-1,carboidratos,Maltodextrina (1kg) - Growth Supplements,Natural,18.0
125,90-5-0-0-1,carboidratos,Maltodextrina (1kg) - Growth Supplements,Limão,18.0
126,90-6-0-0-1,carboidratos,Maltodextrina (1kg) - Growth Supplements,Laranja,18.0
127,90-8-0-0-1,carboidratos,Maltodextrina (1kg) - Growth Supplements,Uva,18.0
128,90-15-0-0-1,carboidratos,Maltodextrina (1kg) - Growth Supplements,Açaí com Guaraná (Indisponível),18.0
129,1177-1-0-0-1,carboidratos,Big Mass Pro Hipercalórico 3kg - Growth Supplements,Chocolate,144.0
130,74-4-0-0-1,carboidratos,Dextrose (1kg) - Growth Supplements,Natural,18.0
131,74-5-0-0-1,carboidratos,Dextrose (1kg) - Growth Supplements,Limão,18.0
132,74-6-0-0-1,carboidratos,Dextrose (1kg) - Growth Supplements,Laranja,18.0
133,74-8-0-0-1,carboidratos,Dextrose (1kg) - Growth Supplements,Uva,18.0
134,74-15-0-0-1,carboidratos,Dextrose (1kg) - Growth Supplements,Açaí com Guaraná,18.0
135,179-4-0-0-1,carboidratos,Waxy Maize (1kg) - Growth Supplements,Natural,21.6
136,179-5-0-0-1,carboidratos,Waxy Maize (1kg) - Growth Supplements,Limão,21.6
137,179-6-0-0-1,carboidratos,Waxy Maize (1kg) - Growth Supplements,Laranja,21.6
138,179-8-0-0-1,carboidratos,Waxy Maize (1kg) - Growth Supplements,Uva,21.6
139,179-15-0-0-1,carboidratos,Waxy Maize (1kg) - Growth Supplements,Açaí com Guaraná,21.6
140,114-0-0-0-1,carboidratos,Palatinose 1kg - Growth Supplements,-,76.5
141,1-0-0-0-1,carboidratos,100% Batata Doce em pó (sabor natural) (1kg) - Growth Supplements,-,39.6
142,1721-0-0-0-1,carboidratos,PANQUECA PROTEICA GROWTH SABOR NATURAL 420GR,-,39.6
143,1501-0-0-0-1,carboidratos,D-RIBOSE 300GR - GROWTH SUPPLEMENTS,-,63.0
144,107-0-0-0-1,vitaminas,Multivitamínico (120 cáps) (nova fórmula) - Growth Supplements,-,36.9
145,112-0-0-0-1,vitaminas,Óleo de Peixe Ultra (75 softgel) - Growth Supplements,-,42.3
146,111-0-0-0-1,vitaminas,Óleo de Peixe - Ômega 3 (75 Softgel) - Growth Supplements,-,25.2
147,175-0-0-0-1,vitaminas,Vitamina D ULTRA (2000UI) 120 caps - Growth Supplements,-,27.0
148,200-0-0-0-1,vitaminas,ZMA (120 caps) - Growth Supplements,-,22.68
149,118-5-0-0-1,vitaminas,POLIVITAMINICO MASTIGAVEL 120COMP - GROWTH SUPPLEMENTS,Limão,23.4
150,118-6-0-0-1,vitaminas,POLIVITAMINICO MASTIGAVEL 120COMP - GROWTH SUPPLEMENTS,Laranja,23.4
151,118-90-0-0-1,vitaminas,POLIVITAMINICO MASTIGAVEL 120COMP - GROWTH SUPPLEMENTS,Maçã verde,23.4
152,118-111-0-0-1,vitaminas,POLIVITAMINICO MASTIGAVEL 120COMP - GROWTH SUPPLEMENTS,Iogurte de Morango,23.4
153,173-0-0-0-1,vitaminas,Vitamina C (120 caps) - Growth Supplements,-,14.4
154,62-0-0-0-1,vitaminas,Coenzima Q10 - Growth Supplements,-,525.0
155,61-0-0-0-1,vitaminas,Cloreto de Magnésio 120 comp - Growth Supplements,-,243.0
156,174-0-0-0-1,vitaminas,Vitamina C Ultra 450mg (120 caps) - Growth Supplements,-,36.0
157,1691-0-0-0-1,vitaminas,MULTI + ENERGY 60SOFT - GROWTH SUPPLEMENTS,-,54.0
158,66-0-0-0-1,vitaminas,Complexo B 120 caps - Growth Supplements,-,19.8
159,1180-0-0-0-1,vitaminas,Vitamina K2 Ultra 60 Cápsulas - Growth Supplements,-,19.8
160,176-0-0-0-1,vitaminas,Vitamina D (75 cápsulas) - Growth Supplements,-,13.5
161,1444-0-0-0-1,vitaminas,COLÁGENO VERISOL® 1000MG 120COMP - GROWTH SUPPLEMENTS,-,55.8
162,109-0-0-0-1,vitaminas,Óleo de Cartamo + Coco + Chia + Cromo + Vit. E (75 caps) - Growth Supplements,-,27.0
163,1438-0-0-0-1,vitaminas,VITAMINA C 500MG 120COMP - GROWTH SUPPLEMENTS,-,40.5
164,117-0-0-0-1,vitaminas,Picolinato de Cromo 120caps - Growth Supplements,-,18.0
165,178-0-0-0-1,vitaminas,Vitamina E (75caps) - Growth Supplements,-,13.5
166,164-0-0-0-1,vitaminas,Spirulina (75 cápsulas) - Growth Supplements,-,242.0
167,1767-0-0-0-1,vitaminas,HAIR SKIN GUMMY 30UN - GROWTH SUPPLEMENTS,-,36.0
168,1054-0-0-0-1,vitaminas,Picolinato de Cromo ULTRA 120 COMP - Growth Supplements,-,36.0
169,1765-0-0-0-1,vitaminas,MULTIVITAMINICO KIDS GUMMY 30UN - GROWTH SUPPLEMENTS,-,36.0
170,1763-0-0-0-1,vitaminas,MULTIVITAMINICO GUMMY 30UN - GROWTH SUPPLEMENTS,-,36.0
171,1038-0-0-0-1,vitaminas,Cálcio 1500mg + Vitamina D3 2000UI + Vitamina K2 65 MCG - 120 comp - Growth Supplements,-,63.0
172,108-0-0-0-1,vitaminas,Óleo de Alho 500mg (75 Cáps) - Growth Supplements,-,14.4
173,1875-0-0-0-1,vitaminas,MULTIVITAMINICO ULTRA 120COMP - GROWTH SUPPLEMENTS,-,108.0
174,177-0-0-0-1,vitaminas,Vitamina E  ULTRA 120 caps - Growth Supplements,-,54.0
175,1778-0-0-0-1,vitaminas,BEAUTY SKIN GUMMY 30UN - GROWTH SUPPLEMENTS,-,36.0
176,1459-0-0-0-1,vitaminas,CONDROITINA 120CAPS - GROWTH SUPPLEMENTS,-,54.0
177,1782-0-0-0-1,vitaminas,IMUNIDADE GUMMY 30UN - GROWTH SUPPLEMENTS,-,36.0
178,113-0-0-0-1,vitaminas,Óleo de semente de Uva (75caps) - Growth Supplements,-,19.8
179,1766-0-0-0-1,vitaminas,IMUNIDADE KIDS GUMMY 30UN - GROWTH SUPPLEMENTS,-,36.0
180,1876-0-0-0-1,vitaminas,HAIR E NAILS 120COMP - GROWTH SUPPLEMENTS,-,54.0
181,10-0-0-0-1,vitaminas,Anti-OX 120 caps - Growth Supplements,-,18.0
182,1776-0-0-0-1,vitaminas,Gummy Fibras (30 unidades) - Growth Supplements,-,36.0
183,1777-0-0-0-1,vitaminas,VITAMINA D3 GUMMY 30UN - GROWTH SUPPLEMENTS,-,36.0
184,1779-0-0-0-1,vitaminas,ESPIRULINA GUMMY 30UN - GROWTH SUPPLEMENTS,-,36.0
185,110-0-0-0-1,vitaminas,Óleo de Coco 75 softgel - Growth Supplements,-,18.0
186,1058-0-0-0-1,vitaminas,QUITOSANA+PSYLLIUM+VIT.C+CROMO Q24 120 CAPS- GROWTH SUPPLEMENTS,-,64.0
187,1903-0-0-0-1,vitaminas,MULTIVITAMINICO VEGANO 120COMP - GROWTH SUPPLEMENTS,-,67.5
188,170-0-0-0-1,termogenico,HOT Termogênico (60 Comprimidos) - Growth Supplements,-,69.3
189,38-0-0-0-1,termogenico,Cafeína (420MG) 120caps - Growth Supplements (thermogênico),-,54.0
190,109-0-0-0-1,termogenico,Óleo de Cartamo + Coco + Chia + Cromo + Vit. E (75 caps) - Growth Supplements,-,27.0
191,80-0-0-0-1,termogenico,Gengibre em po 250gr - Growth Supplements,-,21.6
192,68-0-0-0-1,acessorios,Coqueteleira Preta 600ml - Growth Supplements,-,1721.0
193,1242-0-0-0-1,acessorios,Coqueteleira Branca 600ml - Growth Supplements,-,190.0
194,1238-0-0-0-1,acessorios,Balança de cozinha - Growth Supplements,-,31.5
195,1312-0-0-0-1,acessorios,Coqueteleira Azul 600ml - Growth Supplements,-,169.0
196,1314-0-0-0-1,acessorios,Coqueteleira Vermelha 600ml - Growth Supplements,-,128.0
197,1364-0-0-0-1,acessorios,Galão Preto 2 Litros - Growth Supplements,-,20.7
198,1363-0-0-0-1,acessorios,Galão Transparente 2 Litros - Growth Supplements,-,20.7
199,1323-0-0-0-1,acessorios,FITA STRAP FAIXA GROWTH (PAR) - GROWTH SUPPLEMENTS,-,0.0
200,119-0-0-0-1,acessorios,Porta Comprimido Growth Supplements,-,308.0
201,1485-0-0-0-1,acessorios,SQUEEZE GROWTH 800ML - GROWTH SUPPLEMENTS,-,34.0
202,1053-0-0-0-1,acessorios,Galão Azul 2 Litros - Growth Supplements,-,20.7
203,1360-0-0-0-1,acessorios,Galão Rosa 2 Litros - Growth Supplements,-,20.7
204,1385-0-0-0-1,acessorios,Coqueteleira Growth Premium Transparente e Azul 700ml - Growth Supplements,-,49.5
205,1748-0-0-0-1,acessorios,Galão Lilás 2 Litros - Growth Supplements,-,20.7
206,1486-0-0-0-1,acessorios,SQUEEZE GROWTH 800ML - GROWTH SUPPLEMENTS,-,28.0
207,1382-0-0-0-1,acessorios,Coqueteleira Growth Premium Preto e Azul 700ml - Growth Supplements,-,49.5
208,1649-0-0-0-1,acessorios,FITA STRAP FAIXA AZUL GROWTH (PAR) - GROWTH SUPPLEMENTS,-,0.0
209,1619-0-0-0-1,acessorios,FITA STRAP FAIXA VERMELHA GROWTH (PAR) - GROWTH SUPPLEMENTS,-,0.0
210,1384-0-0-0-1,acessorios,Coqueteleira Growth Premium Transparente e Rosa 700ml - Growth Supplements,-,49.5
211,1361-0-0-0-1,acessorios,Galão Vermelho 2 Litros - Growth Supplements,-,20.7
212,1695-0-0-0-1,acessorios,Galão Transparente e Rosa 2 Litros - Growth Supplements,-,20.7
213,1451-0-0-0-1,acessorios,SACOLA TIPO MOCHILA MANUSCRITO - GROWTH SUPPLEMENTS,-,0.0
214,1362-0-0-0-1,acessorios,Galão Verde Fluorescente 2 Litros - Growth Supplements,-,20.7
215,1383-0-0-0-1,acessorios,Coqueteleira Growth Premium Preto e Vermelho 700ml - Growth Supplements,-,49.5
216,1518-0-0-0-1,acessorios,Coqueteleira Growth Premium EDIÇÃO HAZE 700ml - Growth Supplements,-,63.0
217,1259-0-0-0-1,acessorios,SACOLA TIPO MOCHILA ESMAGA - GROWTH SUPPLEMENTS,-,38.0
218,1316-0-0-0-1,acessorios,MUNHEQUEIRA FAIXA DE PULSO (PAR) - GROWTH SUPPLEMENTS,-,0.0
219,1454-0-0-0-1,acessorios,Coqueteleira Growth Premium Transparente e Vermelho 700ml - Growth Supplements,-,49.5
220,1258-0-0-0-1,acessorios,SACOLA TIPO MOCHILA GROWTH - GROWTH SUPPLEMENTS,-,17.0
221,1450-0-0-0-1,acessorios,SACOLA TIPO MOCHILA POSE - GROWTH SUPPLEMENTS,-,15.0
222,1448-0-0-0-1,acessorios,SACOLA TIPO MOCHILA [ THE IRON NEVER LIES ] - GROWTH SUPPLEMENTS,-,13.0
223,1317-0-0-0-1,acessorios,FAIXA DE JOELHO (PAR) - GROWTH SUPPLEMENTS,-,0.0
224,1354-0-0-0-1,acessorios,BOLSA TÉRMICA  GROWTH - GROWTH SUPPLEMENTS,-,4.0
225,1574-0-0-0-1,acessorios,Galão Amarelo 2 Litros - Growth Supplements,-,20.7
226,1556-0-0-0-1,acessorios,MOCHILA MASTER GROWTH - GROWTH SUPPLEMENTS,-,6.0
227,1355-0-0-0-1,acessorios,MOCHILA GROWTH - GROWTH SUPPLEMENTS,-,13.0
228,1536-0-0-0-1,acessorios,MARMITEIRA COMPACTA GROWTH WHITE - GROWTH SUPPLEMENTS,-,3.0
229,1749-0-0-0-1,acessorios,MARMITEIRA COMPACTA GROWTH MANUSCRITO - GROWTH SUPPLEMENTS,-,0.0
230,1449-0-0-0-1,acessorios,"SACOLA TIPO MOCHILA CRESCE, SOBE, SEGURA, ESMAGA. - GROWTH SUPPLEMENTS",-,7.0
231,1353-0-0-0-1,acessorios,MARMITEIRA COMPACTA GROWTH - GROWTH SUPPLEMENTS,-,7.0
232,1352-0-0-0-1,acessorios,MALA TEAM GROWTH - GROWTH SUPPLEMENTS,-,1.0
233,1627-0-0-0-1,acessorios,MULTI PACK BLACK GROWTH - GROWTH SUPPLEMENTS,-,0.0
234,1332-0-0-0-1,acessorios,CHINELO SLIDE GROWTH - GROWTH SUPPLEMENTS,Escolha o Tamanho,5.0
235,1332-105-0-0-1,acessorios,CHINELO SLIDE GROWTH - GROWTH SUPPLEMENTS,33/34,5.0
236,1332-106-0-0-1,acessorios,CHINELO SLIDE GROWTH - GROWTH SUPPLEMENTS,35/36,5.0
237,1332-107-0-0-1,acessorios,CHINELO SLIDE GROWTH - GROWTH SUPPLEMENTS,37/38,5.0
238,1332-108-0-0-1,acessorios,CHINELO SLIDE GROWTH - GROWTH SUPPLEMENTS,39/40,5.0
239,1332-109-0-0-1,acessorios,CHINELO SLIDE GROWTH - GROWTH SUPPLEMENTS,41/42,5.0
240,1332-110-0-0-1,acessorios,CHINELO SLIDE GROWTH - GROWTH SUPPLEMENTS,43/44,5.0
241,1464-0-0-0-1,acessorios,MOCHILA CASUAL GROWTH  - GROWTH SUPPLEMENTS,-,6.0
242,1520-0-0-0-1,acessorios,SHOULDER BAG GROWTH MANUSCRITO - GROWTH SUPPLEMENTS,-,0.0
243,1792-0-0-0-1,acessorios,TÊNIS JOGGER GROWTH - GROWTH SUPPLEMENTS,Escolha o Tamanho,261.0
244,1792-131-0-0-1,acessorios,TÊNIS JOGGER GROWTH - GROWTH SUPPLEMENTS,34,261.0
245,1792-132-0-0-1,acessorios,TÊNIS JOGGER GROWTH - GROWTH SUPPLEMENTS,35,261.0
246,1792-134-0-0-1,acessorios,TÊNIS JOGGER GROWTH - GROWTH SUPPLEMENTS,37,261.0
247,1792-135-0-0-1,acessorios,TÊNIS JOGGER GROWTH - GROWTH SUPPLEMENTS,38,261.0
248,1792-136-0-0-1,acessorios,TÊNIS JOGGER GROWTH - GROWTH SUPPLEMENTS,39,261.0
249,1792-137-0-0-1,acessorios,TÊNIS JOGGER GROWTH - GROWTH SUPPLEMENTS,40,261.0
250,1792-138-0-0-1,acessorios,TÊNIS JOGGER GROWTH - GROWTH SUPPLEMENTS,41,261.0
251,1792-139-0-0-1,acessorios,TÊNIS JOGGER GROWTH - GROWTH SUPPLEMENTS,42,261.0
252,1792-140-0-0-1,acessorios,TÊNIS JOGGER GROWTH - GROWTH SUPPLEMENTS,43,261.0
253,1792-141-0-0-1,acessorios,TÊNIS JOGGER GROWTH - GROWTH SUPPLEMENTS,44,261.0
254,1792-133-0-0-1,acessorios,TÊNIS JOGGER GROWTH - GROWTH SUPPLEMENTS,36 (Indisponível),261.0
255,1792-142-0-0-1,acessorios,TÊNIS JOGGER GROWTH - GROWTH SUPPLEMENTS,45 (Indisponível),261.0
256,1629-0-0-0-1,acessorios,MULTI PACK BLUE GROWTH - GROWTH SUPPLEMENTS,-,1.0
257,1775-0-0-0-1,acessorios,CHINELO SLIDE GROWTH - GROWTH SUPPLEMENTS,Escolha o Tamanho,0.0
258,1775-105-0-0-1,acessorios,CHINELO SLIDE GROWTH - GROWTH SUPPLEMENTS,33/34,0.0
259,1775-106-0-0-1,acessorios,CHINELO SLIDE GROWTH - GROWTH SUPPLEMENTS,35/36,0.0
260,1775-107-0-0-1,acessorios,CHINELO SLIDE GROWTH - GROWTH SUPPLEMENTS,37/38,0.0
261,1775-108-0-0-1,acessorios,CHINELO SLIDE GROWTH - GROWTH SUPPLEMENTS,39/40,0.0
262,1775-109-0-0-1,acessorios,CHINELO SLIDE GROWTH - GROWTH SUPPLEMENTS,41/42 (Indisponível),0.0
263,1775-110-0-0-1,acessorios,CHINELO SLIDE GROWTH - GROWTH SUPPLEMENTS,43/44 (Indisponível),0.0
264,1628-0-0-0-1,acessorios,MULTI PACK PINK GROWTH - GROWTH SUPPLEMENTS,-,1.0
265,1522-0-0-0-1,acessorios,SHOULDER BAG EMBORRACHADA GROWTH - GROWTH SUPPLEMENTS,-,1.0
266,1709-0-0-0-1,acessorios,CHINELO SLIDE GROWTH - GROWTH SUPPLEMENTS,Escolha o Tamanho,0.0
267,1709-105-0-0-1,acessorios,CHINELO SLIDE GROWTH - GROWTH SUPPLEMENTS,33/34,0.0
268,1709-106-0-0-1,acessorios,CHINELO SLIDE GROWTH - GROWTH SUPPLEMENTS,35/36,0.0
269,1709-107-0-0-1,acessorios,CHINELO SLIDE GROWTH - GROWTH SUPPLEMENTS,37/38,0.0
270,1709-108-0-0-1,acessorios,CHINELO SLIDE GROWTH - GROWTH SUPPLEMENTS,39/40,0.0
271,1709-109-0-0-1,acessorios,CHINELO SLIDE GROWTH - GROWTH SUPPLEMENTS,41/42,0.0
272,1709-110-0-0-1,acessorios,CHINELO SLIDE GROWTH - GROWTH SUPPLEMENTS,43/44,0.0
273,1761-0-0-0-1,acessorios,SHOULDER BAG GROWTH UNDERGROUND - GROWTH SUPPLEMENTS,-,2.0
274,1487-0-0-0-1,acessorios,CHINELO SLIDE GROWTH - GROWTH SUPPLEMENTS,Escolha o Tamanho,1.0
275,1487-105-0-0-1,acessorios,CHINELO SLIDE GROWTH - GROWTH SUPPLEMENTS,33/34,1.0
276,1487-106-0-0-1,acessorios,CHINELO SLIDE GROWTH - GROWTH SUPPLEMENTS,35/36,1.0
277,1487-107-0-0-1,acessorios,CHINELO SLIDE GROWTH - GROWTH SUPPLEMENTS,37/38,1.0
278,1487-108-0-0-1,acessorios,CHINELO SLIDE GROWTH - GROWTH SUPPLEMENTS,39/40,1.0
279,1487-109-0-0-1,acessorios,CHINELO SLIDE GROWTH - GROWTH SUPPLEMENTS,41/42,1.0
280,1487-110-0-0-1,acessorios,CHINELO SLIDE GROWTH - GROWTH SUPPLEMENTS,43/44,1.0
281,1943-0-0-0-1,acessorios,LUVA DE TREINO AZUL GROWTH (PAR) - GROWTH SUPPLEMENTS,Escolha o Tamanho,0.0
282,1943-9-0-0-1,acessorios,LUVA DE TREINO AZUL GROWTH (PAR) - GROWTH SUPPLEMENTS,M,0.0
283,1943-10-0-0-1,acessorios,LUVA DE TREINO AZUL GROWTH (PAR) - GROWTH SUPPLEMENTS,G,0.0
284,1638-0-0-0-1,acessorios,MALA MOCHILA GROWTH - GROWTH SUPPLEMENTS,-,0.0
285,1631-0-0-0-1,acessorios,MALA MOCHILA CANT STOP - GROWTH SUPPLEMENTS,-,1.0
286,1774-0-0-0-1,acessorios,CHINELO SLIDE GROWTH - GROWTH SUPPLEMENTS,Escolha o Tamanho,0.0
287,1774-105-0-0-1,acessorios,CHINELO SLIDE GROWTH - GROWTH SUPPLEMENTS,33/34,0.0
288,1774-106-0-0-1,acessorios,CHINELO SLIDE GROWTH - GROWTH SUPPLEMENTS,35/36,0.0
289,1774-107-0-0-1,acessorios,CHINELO SLIDE GROWTH - GROWTH SUPPLEMENTS,37/38,0.0
290,1774-108-0-0-1,acessorios,CHINELO SLIDE GROWTH - GROWTH SUPPLEMENTS,39/40,0.0
291,1774-109-0-0-1,acessorios,CHINELO SLIDE GROWTH - GROWTH SUPPLEMENTS,41/42,0.0
292,1774-110-0-0-1,acessorios,CHINELO SLIDE GROWTH - GROWTH SUPPLEMENTS,43/44,0.0
293,1708-0-0-0-1,acessorios,CHINELO SLIDE GROWTH - GROWTH SUPPLEMENTS,Escolha o Tamanho,0.0
294,1708-105-0-0-1,acessorios,CHINELO SLIDE GROWTH - GROWTH SUPPLEMENTS,33/34,0.0
295,1708-106-0-0-1,acessorios,CHINELO SLIDE GROWTH - GROWTH SUPPLEMENTS,35/36,0.0
296,1708-107-0-0-1,acessorios,CHINELO SLIDE GROWTH - GROWTH SUPPLEMENTS,37/38,0.0
297,1708-108-0-0-1,acessorios,CHINELO SLIDE GROWTH - GROWTH SUPPLEMENTS,39/40,0.0
298,1708-109-0-0-1,acessorios,CHINELO SLIDE GROWTH - GROWTH SUPPLEMENTS,41/42,0.0
299,1708-110-0-0-1,acessorios,CHINELO SLIDE GROWTH - GROWTH SUPPLEMENTS,43/44,0.0
300,1965-0-0-0-1,acessorios,LUVA DE TREINO VERMELHA GROWTH (PAR) - GROWTH SUPPLEMENTS,Escolha o Tamanho,0.0
301,1965-9-0-0-1,acessorios,LUVA DE TREINO VERMELHA GROWTH (PAR) - GROWTH SUPPLEMENTS,M,0.0
302,1965-10-0-0-1,acessorios,LUVA DE TREINO VERMELHA GROWTH (PAR) - GROWTH SUPPLEMENTS,G,0.0
303,1351-0-0-0-1,acessorios,SHOULDER BAG GROWTH - GROWTH SUPPLEMENTS,-,3.0
304,70-0-0-0-1,creatina,CREATINA (250g) Creapure® - GROWTH SUPPLEMENTS,-,103.5
305,71-0-0-0-1,creatina,Creatina Monohidratada 100g - Growth Supplements,-,40.5
306,1500-5-0-0-1,pre-treino,Pré-Treino Haze Hardcore 300g - Growth Supplements,Limão,103.5
307,1500-6-0-0-1,pre-treino,Pré-Treino Haze Hardcore 300g - Growth Supplements,Laranja,103.5
308,1500-112-0-0-1,pre-treino,Pré-Treino Haze Hardcore 300g - Growth Supplements,Tutti-Frutti,103.5
309,1500-7-0-0-1,pre-treino,Pré-Treino Haze Hardcore 300g - Growth Supplements,Melancia (Indisponível),103.5
310,1500-8-0-0-1,pre-treino,Pré-Treino Haze Hardcore 300g - Growth Supplements,Uva (Indisponível),103.5
311,1500-15-0-0-1,pre-treino,Pré-Treino Haze Hardcore 300g - Growth Supplements,Açaí com Guaraná (Indisponível),103.5
312,1069-7-0-0-1,pre-treino,Pré-treino Insanity 300g - Growth Supplements,Melancia,108.0
313,1069-8-0-0-1,pre-treino,Pré-treino Insanity 300g - Growth Supplements,Uva,108.0
314,1069-29-0-0-1,pre-treino,Pré-treino Insanity 300g - Growth Supplements,Frutas Vermelhas,108.0
315,1069-5-0-0-1,pre-treino,Pré-treino Insanity 300g - Growth Supplements,Limão (Indisponível),108.0
316,123-0-0-0-1,pre-treino,Pré-treino Challenger (300gr/30treinos) (NOVO) - Growth Supplements,-,90.0
317,1714-112-0-0-1,pre-treino,GFOCUS 300G - GROWTH SUPPLEMENTS,Tutti-Frutti,198.0
318,1714-127-0-0-1,pre-treino,GFOCUS 300G - GROWTH SUPPLEMENTS,Energético,198.0
319,1714-128-0-0-1,pre-treino,GFOCUS 300G - GROWTH SUPPLEMENTS,Ice Tea Limão,198.0
320,1714-129-0-0-1,pre-treino,GFOCUS 300G - GROWTH SUPPLEMENTS,Ice Tea Pêssego,198.0
321,185-1-0-0-1,pos-treino,(TOP) Whey Protein Concentrado (1KG) - Growth Supplements,Chocolate,99.0
322,185-2-0-0-1,pos-treino,(TOP) Whey Protein Concentrado (1KG) - Growth Supplements,Morango,99.0
323,185-3-0-0-1,pos-treino,(TOP) Whey Protein Concentrado (1KG) - Growth Supplements,Baunilha,99.0
324,185-4-0-0-1,pos-treino,(TOP) Whey Protein Concentrado (1KG) - Growth Supplements,Natural,99.0
325,185-20-0-0-1,pos-treino,(TOP) Whey Protein Concentrado (1KG) - Growth Supplements,Banana,99.0
326,185-21-0-0-1,pos-treino,(TOP) Whey Protein Concentrado (1KG) - Growth Supplements,Cappuccino,99.0
327,185-22-0-0-1,pos-treino,(TOP) Whey Protein Concentrado (1KG) - Growth Supplements,Doce de leite,99.0
328,185-25-0-0-1,pos-treino,(TOP) Whey Protein Concentrado (1KG) - Growth Supplements,Chocolate com amendoim,99.0
329,185-26-0-0-1,pos-treino,(TOP) Whey Protein Concentrado (1KG) - Growth Supplements,Cookies and Cream,99.0
330,185-27-0-0-1,pos-treino,(TOP) Whey Protein Concentrado (1KG) - Growth Supplements,Sorvete de Creme,99.0
331,185-65-0-0-1,pos-treino,(TOP) Whey Protein Concentrado (1KG) - Growth Supplements,Caramelo,99.0
332,185-72-0-0-1,pos-treino,(TOP) Whey Protein Concentrado (1KG) - Growth Supplements,Mousse de Maracujá,99.0
333,185-77-0-0-1,pos-treino,(TOP) Whey Protein Concentrado (1KG) - Growth Supplements,Torta de Limão,99.0
334,185-98-0-0-1,pos-treino,(TOP) Whey Protein Concentrado (1KG) - Growth Supplements,Chocolate Milk Shake,99.0
335,185-99-0-0-1,pos-treino,(TOP) Whey Protein Concentrado (1KG) - Growth Supplements,Chocolate Branco,99.0
336,185-101-0-0-1,pos-treino,(TOP) Whey Protein Concentrado (1KG) - Growth Supplements,Beijinho,99.0
337,185-102-0-0-1,pos-treino,(TOP) Whey Protein Concentrado (1KG) - Growth Supplements,Brigadeiro,99.0
338,185-113-0-0-1,pos-treino,(TOP) Whey Protein Concentrado (1KG) - Growth Supplements,Leite em Pó,99.0
339,185-114-0-0-1,pos-treino,(TOP) Whey Protein Concentrado (1KG) - Growth Supplements,Chocolate com Morango,99.0
340,196-1-0-0-1,pos-treino,(TOP) Whey Protein Isolado (1KG) - Growth Supplements,Chocolate,144.0
341,196-2-0-0-1,pos-treino,(TOP) Whey Protein Isolado (1KG) - Growth Supplements,Morango,144.0
342,196-4-0-0-1,pos-treino,(TOP) Whey Protein Isolado (1KG) - Growth Supplements,Natural,144.0
343,85-0-0-0-1,pos-treino,L-Glutamina (250g) - Growth Supplements,-,48.6
344,16-0-0-0-1,pos-treino,BCAA 2:1:1 (120 CÁPS)          - GROWTH SUPPLEMENTS,-,22.5
345,1684-1-0-0-1,pos-treino,DOSE WHEY PROTEIN CONCENTRADO 30GR,Chocolate,5.0
346,17-4-0-0-1,pos-treino,BCAA (2:1:1) (200g) (em pó) - Growth Supplements,Natural,42.3
347,17-5-0-0-1,pos-treino,BCAA (2:1:1) (200g) (em pó) - Growth Supplements,Limão,42.3
348,17-6-0-0-1,pos-treino,BCAA (2:1:1) (200g) (em pó) - Growth Supplements,Laranja,42.3
349,17-8-0-0-1,pos-treino,BCAA (2:1:1) (200g) (em pó) - Growth Supplements,Uva,42.3
350,17-7-0-0-1,pos-treino,BCAA (2:1:1) (200g) (em pó) - Growth Supplements,Melancia (Indisponível),42.3
351,86-4-0-0-1,pos-treino,L-LEUCINE (200G) - GROWTH SUPPLEMENTS,Natural,39.6
352,86-6-0-0-1,pos-treino,L-LEUCINE (200G) - GROWTH SUPPLEMENTS,Laranja,39.6
353,81-0-0-0-1,hipercalorico,Hiper Mass (1kg) Sabor Chocolate - Growth Supplements,-,36.0
354,82-0-0-0-1,hipercalorico,(TOP) Hipercalórico (sabor chocolate) (1KG) - Growth Supplements,-,49.5
355,1177-1-0-0-1,hipercalorico,Big Mass Pro Hipercalórico 3kg - Growth Supplements,Chocolate,144.0
